split,kind,column,seed,macro_f1,balanced_acc,recall_sev4,seconds
0,noise,baseline,0,0.5487958767857686,0.80689316888264,0.746257197696737,9.2
0,noise,baseline,1,0.545579395929738,0.8069029023875474,0.7493282149712092,5.8
0,noise,baseline,2,0.5447162604182791,0.8072222425190012,0.7550863723608445,5.9
0,noise,baseline,3,0.5521522373325284,0.8056715757019858,0.7439539347408829,7.2
0,dropped,Roundabout,0,0.5487958767857686,0.80689316888264,0.746257197696737,7.7
0,dropped,Bump,0,0.5487958767857686,0.80689316888264,0.746257197696737,7.6
0,dropped,Traffic_Calming,0,0.5487958767857686,0.80689316888264,0.746257197696737,7.8
0,dropped,No_Exit,0,0.5486718753858144,0.8072556533623252,0.7493282149712092,7.0
0,dropped,Give_Way,0,0.5494567381617212,0.8052755250200219,0.746257197696737,7.5
0,dropped,Railway,0,0.5525067910283865,0.8092294604096338,0.7516314779270633,7.7
0,dropped,Civil_Twilight,0,0.5488219136877301,0.8089486992718328,0.7543186180422264,5.6
0,dropped,Nautical_Twilight,0,0.5478017789497647,0.8074799005619698,0.7508637236084453,6.3
0,dropped,Astronomical_Twilight,0,0.5512002110432077,0.8069501171638692,0.745873320537428,6.2
0,dropped,Wind_Direction,0,0.5499758103662666,0.8045959971548033,0.7397312859884837,6.3
0,dropped,Wind_Chill(F),0,0.5512117172886122,0.8082351708136093,0.7489443378119002,6.4
0,dropped,Precipitation(in),0,0.5498987775023962,0.8071305493557827,0.7493282149712092,7.9
0,dropped,Timezone,0,0.5506788073920456,0.80871298729789,0.7500959692898272,7.4
0,dropped,Weather_Condition,0,0.5548691154056082,0.8046664753962185,0.7374280230326296,8.3
0,dropped,Airport_Code,0,0.5489181006853987,0.8073608479053006,0.7539347408829175,7.2
0,dropped,Zipcode,0,0.5543950085510213,0.803476183232128,0.7328214971209213,7.5
0,dropped,Weather_Timestamp,0,0.5509936549841636,0.8070541526022397,0.7493282149712092,7.4
0,dropped,All dropped columns together,0,0.5565200944682067,0.8059848471949027,0.7385796545105566,22.8
0,leakage,End_Time,0,0.5768147342622933,0.8230351188028938,0.7834932821497121,17.6
0,leakage,Distance(mi),0,0.5627046855466233,0.8211930821823616,0.7888675623800384,17.1
0,leakage,Description,0,0.6187391614201131,0.8685664506844905,0.8825335892514395,14.7
0,leakage,All three leakage columns,0,0.6421898649506466,0.8834465257478102,0.9201535508637236,15.1
1,noise,baseline,0,0.5459786195920628,0.8074049823817373,0.7347408829174664,13.4
1,noise,baseline,1,0.5462848729128481,0.8100449120274708,0.7439539347408829,13.6
1,noise,baseline,2,0.5480853399942575,0.8103090320720024,0.7428023032629558,13.8
1,noise,baseline,3,0.5443057721977853,0.809322526772578,0.7416506717850287,12.6
1,dropped,Roundabout,0,0.5459786195920628,0.8074049823817373,0.7347408829174664,14.0
1,dropped,Bump,0,0.5459786195920628,0.8074049823817373,0.7347408829174664,13.8
1,dropped,Traffic_Calming,0,0.5459786195920628,0.8074049823817373,0.7347408829174664,13.8
1,dropped,No_Exit,0,0.5513439870920431,0.8096364633795734,0.7401151631477927,15.2
1,dropped,Give_Way,0,0.5498368490972636,0.8083503896378171,0.7320537428023033,14.6
1,dropped,Railway,0,0.5461279635966674,0.8052245438322072,0.7301343570057581,13.8
1,dropped,Civil_Twilight,0,0.5489552643659039,0.8093200821926401,0.7420345489443378,14.2
1,dropped,Nautical_Twilight,0,0.5473670161863426,0.8080664617884882,0.7362763915547025,14.1
1,dropped,Astronomical_Twilight,0,0.5491223806462739,0.8091265438205512,0.7366602687140115,15.2
1,dropped,Wind_Direction,0,0.5447983131211169,0.8052053938544342,0.7335892514395393,13.3
1,dropped,Wind_Chill(F),0,0.5477559649017802,0.8074050390080955,0.7332053742802304,14.1
1,dropped,Precipitation(in),0,0.5528704843379606,0.8079087278230216,0.7309021113243762,15.9
1,dropped,Timezone,0,0.5428932102922323,0.8071599292413636,0.7401151631477927,12.7
1,dropped,Weather_Condition,0,0.5509622171400755,0.8073688291513194,0.7316698656429942,15.4
1,dropped,Airport_Code,0,0.5461622866096123,0.8096037222534517,0.7428023032629558,13.2
1,dropped,Zipcode,0,0.5521509750952098,0.809320861637973,0.7339731285988483,14.6
1,dropped,Weather_Timestamp,0,0.5497070781945516,0.8086013239054901,0.7381957773512476,14.4
1,dropped,All dropped columns together,0,0.5472649060066124,0.8075891523174382,0.7320537428023033,18.2
1,leakage,End_Time,0,0.5822648508144853,0.8243023130334435,0.7673704414587332,18.2
1,leakage,Distance(mi),0,0.5522809684154831,0.8209143300432826,0.7877159309021113,13.3
1,leakage,Description,0,0.6178080845755,0.868362119181219,0.8679462571976967,12.9
1,leakage,All three leakage columns,0,0.6414799701404136,0.8828905824144413,0.9113243761996161,14.8
2,noise,baseline,0,0.5452594761033674,0.8036353357012883,0.7389635316698656,13.3
2,noise,baseline,1,0.5396905687214378,0.8026869664795928,0.7389635316698656,11.4
2,noise,baseline,2,0.5472060174487208,0.8010705611753013,0.7297504798464491,13.4
2,noise,baseline,3,0.5434492319838272,0.80109037502901,0.7305182341650672,13.3
2,dropped,Roundabout,0,0.5452594761033674,0.8036353357012883,0.7389635316698656,13.7
2,dropped,Bump,0,0.5452594761033674,0.8036353357012883,0.7389635316698656,13.6
2,dropped,Traffic_Calming,0,0.5452594761033674,0.8036353357012883,0.7389635316698656,13.7
2,dropped,No_Exit,0,0.5452385574753694,0.8037291620221212,0.7393474088291747,13.6
2,dropped,Give_Way,0,0.5425169635572361,0.8045621169959523,0.744721689059501,12.8
2,dropped,Railway,0,0.5436039310917107,0.8034810382665393,0.7381957773512476,13.2
2,dropped,Civil_Twilight,0,0.5462949439173475,0.8052644916566735,0.7416506717850287,13.3
2,dropped,Nautical_Twilight,0,0.5466857450603597,0.8064922214412565,0.7428023032629558,13.6
2,dropped,Astronomical_Twilight,0,0.5457554697886012,0.8070996639379174,0.7431861804222649,12.9
2,dropped,Wind_Direction,0,0.5461981400335196,0.8033399583221247,0.7324376199616123,13.1
2,dropped,Wind_Chill(F),0,0.547475327559705,0.8044528474150427,0.7339731285988483,14.5
2,dropped,Precipitation(in),0,0.5457381876925896,0.8060035108607428,0.7401151631477927,13.2
2,dropped,Timezone,0,0.5449515115268204,0.8052729558253552,0.7416506717850287,13.4
2,dropped,Weather_Condition,0,0.5423391260689395,0.8022380527024928,0.7355086372360845,13.1
2,dropped,Airport_Code,0,0.5473309634370738,0.8041228602264501,0.7397312859884837,13.5
2,dropped,Zipcode,0,0.544421587996295,0.8023792619434236,0.7328214971209213,12.8
2,dropped,Weather_Timestamp,0,0.5459416397952227,0.8042234773587287,0.7389635316698656,13.5
2,dropped,All dropped columns together,0,0.5480504275682341,0.8015568850713883,0.7239923224568138,18.4
2,leakage,End_Time,0,0.5752190151480434,0.8215280890285303,0.7712092130518234,16.4
2,leakage,Distance(mi),0,0.5580755480246804,0.8160770866933698,0.7854126679462572,14.6
2,leakage,Description,0,0.6122653616030973,0.8616417267533114,0.8710172744721689,12.7
2,leakage,All three leakage columns,0,0.6360955892027493,0.8775287852534969,0.9186180422264876,14.5
